image,caption,vqa_answer,audio_file
astronaut.jpg,"The image depicts a person dressed in an astronaut's suit, which is a high-visibility, pressure-resistant garment designed to protect the wearer from the effects of space travel. The suit is predominantly orange, with several patches and badges on the chest area. One of the patches is purple and features a white and blue design, likely representing a specific mission or organization. The individual is also wearing a helmet with a visor, which is essential for protection during space missions.

In the background, there is a",CLARIFYING QUESTION NEEDED: Could you clarify what you mean by 'What is happening in this image?'?,caption_0.mp3
brick.jpg,"The image depicts a pattern of rectangular tiles arranged in a grid-like fashion. The tiles are uniformly dark in color, possibly black or dark gray, and they are arranged in a straight line. The tiles are separated by thin, white lines, which create a grid-like pattern. The overall texture of the tiles appears to be smooth and even, with no visible wear or damage. The lighting in the image is even, suggesting that the tiles are well-lit and the photograph was taken in a controlled environment",CLARIFYING QUESTION NEEDED: Could you clarify what you mean by 'What is happening in this image?'?,caption_1.mp3
camera.jpg,"The image is a black-and-white photograph featuring a person engaged in an activity that involves a camera and a tripod. The individual is dressed in a dark coat and is positioned on a grassy field, likely an outdoor setting. The person is holding a camera, which is mounted on a tripod, and appears to be adjusting its position or focusing it. The background shows a cityscape with tall buildings and a clear sky, suggesting that the photograph was taken in an urban environment. The person's posture and","In the image, a person is standing outdoors, holding a camera on a tripod. The camera is pointed towards the ground, suggesting that the person might be taking a photograph or recording something. The background features a cityscape with tall buildings and a clear",caption_2.mp3
cat.jpg,"The image depicts a close-up of a cat's face. The cat has a mix of brown and white fur, with the brown patches covering its ears, face, and some of its fur. The cat's eyes are large and expressive, with a striking green coloration. The pupils are slightly dilated, giving the cat a lively and alert appearance. The cat's nose is a light orange color, and its whiskers are white and long, adding to the overall cute and curious look of the","The image shows a close-up of a cat's face. The cat has green eyes and a brown and white fur pattern. The cat's ears are perked up, and its eyes are looking directly at the camera. The background is blurred, focusing",caption_3.mp3
checkerboard.jpg,"The image depicts a classic checkerboard pattern, which is a common visual representation of a 2D grid. The grid consists of alternating black and white squares, creating a visually appealing and symmetrical design. The pattern is symmetrical, with each square mirroring its counterpart on the opposite side of the grid. The black squares are evenly spaced, and the white squares are also evenly spaced, creating a consistent and balanced appearance. The checkerboard pattern is often used in various contexts, such as in games",CLARIFYING QUESTION NEEDED: Could you clarify what you mean by 'What is happening in this image?'?,caption_4.mp3
chelsea.jpg,"The image depicts a close-up of a cat's face. The cat has a mix of brown and white fur, with the brown patches covering its ears, face, and some of its fur. The cat's eyes are large and expressive, with a striking green coloration. The pupils are slightly dilated, giving the cat a lively and alert appearance. The cat's nose is a light orange color, and its whiskers are white and long, adding to the overall cute and curious look of the","The image shows a close-up of a cat's face. The cat has green eyes and a brown and white fur pattern. The cat's ears are perked up, and its eyes are looking directly at the camera. The background is blurred, focusing",caption_5.mp3
clock.jpg,"The image appears to be a black-and-white photograph of a circular object, likely a lens or a mirror, with a blurred, out-of-focus background. The circular object is centered in the image and has a reflective surface, which is evident from the light and shadow patterns on its surface. The background is uniformly dark, which helps to highlight the circular object and its reflective properties. The overall composition of the image suggests a focus on the reflective properties of the object, possibly for a scientific or artistic purpose","The image appears to be a black and white photograph of a round object, possibly a button or a small circular object, with a blurred background. The object is centered in the image and has a reflective surface, which causes light to reflect off it,",caption_6.mp3
coffee.jpg,"The image depicts a small, neatly arranged coffee cup and saucer on a wooden surface. The cup is white with a red saucer, and it appears to be filled with a dark, frothy beverage, likely coffee. The saucer is also red and has a small handle on the side, which is typical for a saucer to hold a cup. A silver spoon is placed on the saucer, resting on the edge, indicating that the cup might have been used recently. The wooden surface",CLARIFYING QUESTION NEEDED: Could you clarify what you mean by 'What is happening in this image?'?,caption_7.mp3
coins.jpg,"The image depicts a collection of ancient coins arranged in a grid format. The coins are arranged in a 5x4 grid, with each coin occupying a specific position within the grid. The coins are circular in shape and appear to be made of metal, likely bronze or bronze alloy. Each coin has a distinct design and features a variety of symbols and inscriptions.

Starting from the top row, the first coin from the left has a depiction of a human figure, likely a deity or a mythological",CLARIFYING QUESTION NEEDED: Could you clarify what you mean by 'What is happening in this image?'?,caption_8.mp3
colorwheel.jpg,"The image depicts a color wheel, which is a circular diagram used to represent the spectrum of colors. The color wheel is divided into six equal segments, each representing a different color. The colors are arranged in a clockwise direction from the top, starting with red at the top and moving clockwise to orange, yellow, green, blue, indigo, and finally back to red at the bottom.

The colors are represented by concentric circles, with the outermost circle being the darkest and the innermost circle",CLARIFYING QUESTION NEEDED: Could you clarify what you mean by 'What is happening in this image?'?,caption_9.mp3
grass.jpg,"The image is a grayscale photograph of a grassy area. The grass appears to be a mix of short and long blades, with some areas showing more green and others appearing brown or dead. There are also scattered small flowers or plants with white petals, which are visible amidst the grass. The overall texture of the grass is rough and uneven, with some areas appearing more dense and others more sparse. The lighting in the image is even, suggesting that it was taken during daylight hours. There are no visible",CLARIFYING QUESTION NEEDED: Could you clarify what you mean by 'What is happening in this image?'?,caption_10.mp3
gravel.jpg,"The image depicts a large, uniform layer of gravel or crushed stone. The gravel is composed of small, irregularly shaped pieces of rock or stone, which are uniformly distributed across the entire surface. The color of the gravel is a muted gray, suggesting it may be made from a variety of minerals such as quartz, feldspar, or other silicate rocks. The texture of the gravel is rough and uneven, with no visible patterns or textures other than the natural irregularities of the individual pieces.",CLARIFYING QUESTION NEEDED: Could you clarify what you mean by 'What is happening in this image?'?,caption_11.mp3
horse.jpg,"The image depicts a black silhouette of a horse. The horse is standing with its body facing forward, and its head is turned slightly to the right. The silhouette is simple and lacks detailed features, focusing solely on the outline of the horse's body. The horse's legs are straight, and its tail is visible, curving downward. The overall shape of the silhouette is symmetrical, with the horse's head, neck, and body forming a smooth, continuous line. The background of the image is",CLARIFYING QUESTION NEEDED: Could you clarify what you mean by 'What is happening in this image?'?,caption_12.mp3
hubble_deep_field.jpg,"This image is a stunning representation of the vast expanse of space, captured by the Hubble Space Telescope. The photograph is a mosaic of images taken over a wide area of the sky, showcasing the cosmic diversity and complexity of the universe.

The image is filled with a multitude of stars and galaxies, each with its unique color and brightness. The stars vary in size and brightness, creating a sense of depth and dimensionality. Some stars appear brighter and more prominent, while others are fainter and blend",CLARIFYING QUESTION NEEDED: Could you clarify what you mean by 'What is happening in this image?'?,caption_13.mp3
immunohistochemistry.jpg,"The image depicts a microscopic view of human tissue, specifically a section of the gastrointestinal tract, likely the colon. The tissue appears to be stained with a brownish or tan color, indicating the presence of a specific protein or substance within the cells. The cells are arranged in a layered structure, with the outermost layer being the epithelial cells, which are blue in color, representing the basal lamina and the underlying connective tissue. The middle layer is composed of muscle cells, which are also blue",CLARIFYING QUESTION NEEDED: Could you clarify what you mean by 'What is happening in this image?'?,caption_14.mp3
moon.jpg,"The image appears to be a grayscale photograph of a lunar surface, likely taken from a spacecraft or a rover. The surface is characterized by a mix of dark and light areas, which could be indicative of different types of terrain, such as craters, mountains, or valleys. The dark areas are likely shadows or darker regions on the surface, while the lighter areas could be brighter areas or areas with less shadow.

In the center of the image, there is a prominent dark area that appears to be a",CLARIFYING QUESTION NEEDED: Could you clarify what you mean by 'What is happening in this image?'?,caption_15.mp3
page.jpg,"The image appears to be a snippet of text discussing ""Region-based segmentation"" in the context of identifying markers of coins and their background. The text mentions that the markers are pixels that can be labeled unambiguously as either object or background. The markers are found at the two extreme parts of the histogram of grey values.

Here is a detailed description of the text:

1. **Title**: The text starts with the title ""Region-based segmentation."" This indicates that the discussion is about a method of","The image appears to be a snippet of text discussing ""Region-based segmentation"" and the process of finding markers for the coins and the background. The text mentions that the markers are pixels that can be labeled unambiguously as either object or background.",caption_16.mp3
retina.jpg,"This image is a photograph of the retina of the eye, which is the innermost layer of the eye. The retina is responsible for converting light into neural signals that are transmitted to the brain. The image shows the retinal vasculature, which is the network of blood vessels that supply the retina with oxygen and nutrients.

The retinal vasculature is visible as a network of red lines and vessels that run throughout the retina. The central area of the image appears darker, which is likely due",CLARIFYING QUESTION NEEDED: Could you clarify what you mean by 'What is happening in this image?'?,caption_17.mp3
rocket.jpg,"The image depicts a rocket launch site at night. The rocket, which appears to be a SpaceX Falcon 9, is positioned centrally in the image, with its nose pointing upwards. The rocket is surrounded by two tall, slender towers, likely part of the launch infrastructure. The towers are illuminated by numerous bright lights, creating a stark contrast against the dark sky. The lights are arranged in a circular pattern around the rocket, with some lights closer to the rocket and others further away. The background features a",CLARIFYING QUESTION NEEDED: Could you clarify what you mean by 'What is happening in this image?'?,caption_18.mp3
text.jpg,"The image depicts a close-up of a mathematical equation written on a piece of paper. The equation appears to be a complex expression involving multiple variables and mathematical symbols. Here is a detailed description of the equation:

1. **Variables and Symbols**:
   - The equation includes several variables, including \( x \), \( y \), and \( z \).
   - There are also several mathematical symbols, such as parentheses, brackets, and summation symbols, which are used to denote operations and relationships between","The image appears to be a close-up of a mathematical equation or a piece of handwritten text. The text is written in a cursive style and includes various mathematical symbols and expressions. The equation seems to be related to calculus or algebra, as it includes",caption_19.mp3
